benchmark,n,events,event_rate_percent,auc,brier,calibration_intercept,calibration_slope
predictedhospitalmortality,94728,7679,8.106367705430284,0.8415334811547727,0.06338350715780172,-0.8047060756938601,0.7992925715117817
predictedicumortality,94728,7679,8.106367705430284,0.8360611661135314,0.0608529257402339,-0.34775425224408957,0.7383378311047161
apachescore,94728,7679,8.106367705430284,0.8171789658515463,,,
acutephysiologyscore,94728,7679,8.106367705430284,0.7965845526369046,,,
