model,n,events,auc,brier,calibration_intercept,calibration_slope,delta_auc_vs_apache_recalibrated_cv
apache_recalibrated_cv,94728,7679,0.8415071478176539,0.06044251332074368,0.0003896496759689281,1.0001736203400011,0.0
apache_plus_mimic_rcs_cv,94728,7679,0.8446584752128483,0.06025752209025933,0.00016835352687796765,1.0000680502150667,0.0031513273951944143
apache_native,94728,7679,0.8415334811547727,0.08909924383542467,-0.8047060756938601,0.7992925715117816,2.6333337118766842e-05
mimic_rcs_only,94728,7679,0.7337528609556969,0.07041661984799524,-0.13333419955203535,0.9749820594744623,-0.10775428686195698
